-- MySQL dump 10.13  Distrib 8.0.46, for Linux (x86_64)
--
-- Host: localhost    Database: gestorpincadb
-- ------------------------------------------------------
-- Server version	8.0.46

/*!40101 SET @OLD_CHARACTER_SET_CLIENT=@@CHARACTER_SET_CLIENT */;
/*!40101 SET @OLD_CHARACTER_SET_RESULTS=@@CHARACTER_SET_RESULTS */;
/*!40101 SET @OLD_COLLATION_CONNECTION=@@COLLATION_CONNECTION */;
/*!50503 SET NAMES utf8mb4 */;
/*!40103 SET @OLD_TIME_ZONE=@@TIME_ZONE */;
/*!40103 SET TIME_ZONE='+00:00' */;
/*!40014 SET @OLD_UNIQUE_CHECKS=@@UNIQUE_CHECKS, UNIQUE_CHECKS=0 */;
/*!40014 SET @OLD_FOREIGN_KEY_CHECKS=@@FOREIGN_KEY_CHECKS, FOREIGN_KEY_CHECKS=0 */;
/*!40101 SET @OLD_SQL_MODE=@@SQL_MODE, SQL_MODE='NO_AUTO_VALUE_ON_ZERO' */;
/*!40111 SET @OLD_SQL_NOTES=@@SQL_NOTES, SQL_NOTES=0 */;

--
-- Table structure for table `formulaciones`
--

DROP TABLE IF EXISTS `formulaciones`;
/*!40101 SET @saved_cs_client     = @@character_set_client */;
/*!50503 SET character_set_client = utf8mb4 */;
CREATE TABLE `formulaciones` (
  `id_formulaciones` int NOT NULL AUTO_INCREMENT,
  `nombre` varchar(100) CHARACTER SET utf8mb4 COLLATE utf8mb4_general_ci DEFAULT NULL,
  `descripcion` longtext CHARACTER SET utf8mb4 COLLATE utf8mb4_bin,
  `estado` tinyint DEFAULT NULL COMMENT '0 inactiva\\n1 activa',
  `defecto` tinyint DEFAULT '0' COMMENT '1 por defecto',
  `version_actual` int NOT NULL DEFAULT '1',
  `item_general_id` int DEFAULT NULL,
  PRIMARY KEY (`id_formulaciones`),
  UNIQUE KEY `id_formulaciones_UNIQUE` (`id_formulaciones`),
  KEY `fk_formulaciones_item_general1_idx` (`item_general_id`),
  CONSTRAINT `fk_formulaciones_item_general1` FOREIGN KEY (`item_general_id`) REFERENCES `item_general` (`id_item_general`) ON DELETE CASCADE ON UPDATE RESTRICT
) ENGINE=InnoDB AUTO_INCREMENT=53 DEFAULT CHARSET=utf8mb4 COLLATE=utf8mb4_0900_ai_ci;
/*!40101 SET character_set_client = @saved_cs_client */;

--
-- Dumping data for table `formulaciones`
--

LOCK TABLES `formulaciones` WRITE;
/*!40000 ALTER TABLE `formulaciones` DISABLE KEYS */;
INSERT INTO `formulaciones` VALUES (1,'PREPARACIÓN BARNIZ TRANSPARENTE BIRILLANTE',NULL,1,1,1,1),(2,'PREPARACION ESMALTE BLANCO',NULL,1,1,1,2),(3,'PREPARACION ESMALTE CAOBA',NULL,1,1,1,3),(4,'PREPARACION ESMALTE NEGRO MATE',NULL,1,1,1,4),(5,'PREPARACIÓN ESMALTE ROJO FIESTA',NULL,1,1,1,5),(6,'PREPARACION ESMALTE NEGRO BRILLANTE',NULL,1,1,1,6),(7,'PREPARACION ESMALTE VERDE ESMERALDA',NULL,1,1,1,7),(8,'PREPARACION ESMALTE GRIS PLATA',NULL,1,1,1,8),(9,'PREPARACION ESMALTE AZUL ESPAÑOL',NULL,1,1,1,9),(10,'PREPARACION ESMALTE BLANCO MATE',NULL,1,1,1,10),(11,'PREPARACION ESMALTE AMARILLO',NULL,1,1,1,11),(12,'PREPARACION ESMALTE NARANJA',NULL,1,1,1,12),(13,'PREPARACION ESMALTE TABACO',NULL,1,1,1,13),(14,'PREPARACION ANTICORROSIVO GRIS',NULL,1,1,1,14),(15,'PREPARACION ANTICORROSIVO NEGRO',NULL,1,1,1,15),(16,'PREPARACION ANTICORROSIVO AMARILLO',NULL,1,1,1,16),(17,'PREPARACION ANTICORROSIVO ROJO',NULL,1,1,1,17),(18,'PREPARACION ANTICORROSIVO BLANCO',NULL,1,1,1,18),(19,'PREPARACION ANTICORROSIVO VERDE',NULL,1,1,1,19),(20,'PREPARACION PASTA ESMALTE VERDE ENTONADOR',NULL,1,1,1,20),(21,'PREPARACION PASTA ESMALTE AZUL ENTONADOR',NULL,1,1,1,21),(22,'PREPARACION PASTA ESMALTE NEGRO',NULL,1,1,1,22),(23,'PREPARACION PASTA ESMALTE ROJO CARMIN 57:1',NULL,1,1,1,23),(24,'PREPARACION PASTA ESMALTE NARANJA',NULL,1,1,1,24),(25,'PREPARACION PASTA ESMALTE AMARILLO',NULL,1,1,1,25),(26,'PREPARACION PASTA ESMALTE CAOBA',NULL,1,1,1,26),(27,'PREPARACION PASTA ESMALTE AMARILLO OXIDO',NULL,1,1,1,27),(28,'PREPARACION PASTA ESMALTE ROJO OXIDO',NULL,1,1,1,28),(29,'PREPARACION PASTA ESMALTE BLANCO',NULL,1,1,1,29),(30,'PREPARACION PASTA ESMALTE TABACO',NULL,1,1,1,30);
/*!40000 ALTER TABLE `formulaciones` ENABLE KEYS */;
UNLOCK TABLES;

--
-- Table structure for table `item_general_formulaciones`
--

DROP TABLE IF EXISTS `item_general_formulaciones`;
/*!40101 SET @saved_cs_client     = @@character_set_client */;
/*!50503 SET character_set_client = utf8mb4 */;
CREATE TABLE `item_general_formulaciones` (
  `id_item_general_formulaciones` int NOT NULL AUTO_INCREMENT,
  `formulaciones_id` int NOT NULL,
  `cantidad` decimal(10,2) DEFAULT NULL,
  `porcentaje` int DEFAULT NULL,
  `item_general_id` int NOT NULL,
  PRIMARY KEY (`id_item_general_formulaciones`),
  KEY `fk_item_especifico_has_formulaciones_formulaciones1_idx` (`formulaciones_id`),
  KEY `fk_item_especifico_formulaciones_item_general1_idx` (`item_general_id`)
) ENGINE=InnoDB AUTO_INCREMENT=385 DEFAULT CHARSET=utf8mb4 COLLATE=utf8mb4_general_ci;
/*!40101 SET character_set_client = @saved_cs_client */;

--
-- Dumping data for table `item_general_formulaciones`
--

LOCK TABLES `item_general_formulaciones` WRITE;
/*!40000 ALTER TABLE `item_general_formulaciones` DISABLE KEYS */;
INSERT INTO `item_general_formulaciones` VALUES (1,2,914.00,NULL,31),(2,1,932.00,NULL,31),(3,1,3.72,NULL,32),(4,1,6.52,NULL,33),(5,1,10.25,NULL,34),(6,1,9.32,NULL,35),(7,1,301.00,NULL,36),(8,2,425.00,NULL,31),(9,2,293.00,NULL,37),(10,2,2.63,NULL,38),(11,2,16.00,NULL,39),(12,2,8.00,NULL,40),(13,2,14.20,NULL,41),(14,2,470.00,NULL,42),(15,2,4.70,NULL,43),(16,2,5.20,NULL,86),(17,2,9.37,NULL,33),(18,2,14.72,NULL,34),(19,2,13.40,NULL,35),(20,2,197.00,NULL,36),(21,2,200.00,NULL,44),(22,3,775.00,NULL,31),(23,3,103.00,NULL,26),(24,3,8.70,NULL,41),(25,3,290.00,NULL,42),(26,3,3.00,NULL,43),(27,3,3.30,NULL,86),(28,3,5.78,NULL,33),(29,3,9.10,NULL,34),(30,3,8.26,NULL,35),(31,3,113.00,NULL,36),(32,3,114.00,NULL,44),(33,4,775.00,NULL,31),(34,4,224.00,NULL,47),(35,4,40.00,NULL,48),(36,4,12.00,NULL,81),(37,4,6.00,NULL,40),(38,4,125.00,NULL,22),(39,4,8.70,NULL,41),(40,4,290.00,NULL,42),(41,4,2.90,NULL,43),(42,4,3.35,NULL,86),(43,4,5.86,NULL,33),(44,4,9.21,NULL,34),(45,4,8.37,NULL,35),(46,4,227.00,NULL,44),(47,5,775.00,NULL,31),(48,5,36.56,NULL,50),(49,5,79.40,NULL,24),(50,5,6.00,NULL,41),(51,5,200.00,NULL,42),(52,5,2.00,NULL,43),(53,5,3.33,NULL,86),(54,5,5.83,NULL,33),(55,5,9.16,NULL,34),(56,5,8.32,NULL,35),(57,5,227.00,NULL,36),(58,6,775.00,NULL,31),(59,6,125.00,NULL,22),(60,6,5.70,NULL,41),(61,6,190.00,NULL,42),(62,6,1.90,NULL,43),(63,6,3.35,NULL,86),(64,6,5.86,NULL,33),(65,6,9.21,NULL,34),(66,6,8.37,NULL,35),(67,6,227.00,NULL,44),(68,7,775.00,NULL,31),(69,7,62.00,NULL,52),(70,7,10.40,NULL,56),(71,7,108.00,NULL,54),(72,7,6.20,NULL,41),(73,7,205.00,NULL,42),(74,7,2.10,NULL,43),(75,7,3.46,NULL,86),(76,7,6.05,NULL,33),(77,7,9.51,NULL,34),(78,7,8.65,NULL,35),(79,7,113.00,NULL,36),(80,7,114.00,NULL,44),(81,8,425.00,NULL,31),(82,8,251.00,NULL,37),(83,8,2.63,NULL,38),(84,8,16.00,NULL,39),(85,8,8.00,NULL,40),(86,8,3.30,NULL,27),(87,8,17.00,NULL,22),(88,8,14.20,NULL,41),(89,8,470.00,NULL,42),(90,8,4.70,NULL,43),(91,8,5.20,NULL,86),(92,8,9.37,NULL,33),(93,8,14.72,NULL,34),(94,8,13.40,NULL,35),(95,8,197.00,NULL,36),(96,8,200.00,NULL,44),(97,9,225.00,NULL,31),(98,9,56.00,NULL,37),(99,9,0.70,NULL,38),(100,9,2.00,NULL,39),(101,9,1.00,NULL,40),(102,9,168.00,NULL,56),(103,9,11.20,NULL,50),(104,9,9.70,NULL,41),(105,9,323.00,NULL,42),(106,9,3.23,NULL,43),(107,9,5.40,NULL,86),(108,9,9.45,NULL,33),(109,9,14.86,NULL,34),(110,9,13.51,NULL,35),(111,9,197.00,NULL,36),(112,9,165.00,NULL,44),(113,10,1173.00,NULL,31),(114,10,288.00,NULL,37),(115,10,435.00,NULL,57),(116,10,84.00,NULL,48),(117,10,5.00,NULL,38),(118,10,25.00,NULL,39),(119,10,10.00,NULL,40),(120,10,14.30,NULL,41),(121,10,477.00,NULL,42),(122,10,4.80,NULL,43),(123,10,4.69,NULL,86),(124,10,8.20,NULL,33),(125,10,12.90,NULL,34),(126,10,11.70,NULL,35),(127,10,433.00,NULL,44),(128,11,1033.00,NULL,31),(129,11,294.70,NULL,52),(130,11,11.13,NULL,41),(131,11,371.00,NULL,42),(132,11,3.70,NULL,43),(133,11,4.72,NULL,86),(134,11,8.26,NULL,33),(135,11,13.00,NULL,34),(136,11,11.81,NULL,35),(137,11,391.00,NULL,44),(138,12,1033.00,NULL,31),(139,12,180.00,NULL,24),(140,12,77.00,NULL,52),(141,12,11.00,NULL,41),(142,12,363.00,NULL,42),(143,12,3.66,NULL,43),(144,12,4.64,NULL,86),(145,12,8.13,NULL,33),(146,12,12.77,NULL,34),(147,12,11.61,NULL,35),(148,12,391.00,NULL,44),(149,13,1033.00,NULL,31),(150,13,190.00,NULL,30),(151,13,11.00,NULL,41),(152,13,363.00,NULL,42),(153,13,3.60,NULL,43),(154,13,4.50,NULL,86),(155,13,7.90,NULL,33),(156,13,12.40,NULL,34),(157,13,11.30,NULL,35),(158,13,391.00,NULL,44),(159,14,1056.00,NULL,31),(160,14,186.00,NULL,77),(161,14,848.00,NULL,59),(162,14,70.00,NULL,60),(163,14,5.00,NULL,61),(164,14,25.00,NULL,39),(165,14,5.00,NULL,40),(166,14,17.80,NULL,41),(167,14,593.00,NULL,42),(168,14,5.93,NULL,43),(169,14,4.30,NULL,86),(170,14,7.40,NULL,33),(171,14,11.60,NULL,34),(172,14,10.60,NULL,35),(173,14,20.00,NULL,22),(174,14,550.00,NULL,44),(175,15,256.00,NULL,31),(176,15,37.00,NULL,22),(177,15,2.30,NULL,61),(178,15,46.00,NULL,60),(179,15,132.00,NULL,59),(180,15,4.00,NULL,79),(181,15,2.00,NULL,40),(182,15,3.70,NULL,41),(183,15,123.00,NULL,42),(184,15,1.30,NULL,43),(185,15,1.10,NULL,86),(186,15,2.00,NULL,33),(187,15,3.00,NULL,34),(188,15,2.80,NULL,35),(189,15,89.60,NULL,44),(190,16,274.00,NULL,31),(191,16,47.00,NULL,63),(192,16,220.00,NULL,59),(193,16,18.00,NULL,60),(194,16,1.30,NULL,61),(195,16,6.50,NULL,39),(196,16,4.00,NULL,40),(197,16,4.80,NULL,41),(198,16,160.00,NULL,42),(199,16,1.60,NULL,43),(200,16,1.10,NULL,86),(201,16,1.92,NULL,33),(202,16,3.00,NULL,34),(203,16,2.74,NULL,35),(204,16,142.60,NULL,44),(205,17,274.00,NULL,31),(206,17,58.00,NULL,64),(207,17,220.00,NULL,59),(208,17,18.00,NULL,60),(209,17,1.30,NULL,61),(210,17,6.50,NULL,39),(211,17,4.00,NULL,40),(212,17,4.70,NULL,41),(213,17,155.60,NULL,42),(214,17,1.55,NULL,43),(215,17,1.10,NULL,86),(216,17,1.92,NULL,33),(217,17,3.00,NULL,34),(218,17,2.74,NULL,35),(219,17,142.60,NULL,44),(220,18,1056.00,NULL,31),(221,18,165.00,NULL,77),(222,18,230.00,NULL,65),(223,18,688.00,NULL,60),(224,18,5.00,NULL,38),(225,18,25.00,NULL,39),(226,18,5.00,NULL,40),(227,18,17.55,NULL,41),(228,18,585.26,NULL,42),(229,18,5.85,NULL,43),(230,18,4.30,NULL,86),(231,18,7.40,NULL,33),(232,18,11.60,NULL,34),(233,18,10.60,NULL,35),(234,18,550.00,NULL,44),(235,19,256.00,NULL,31),(236,19,36.00,NULL,77),(237,19,10.00,NULL,63),(238,19,20.00,NULL,96),(239,19,3.00,NULL,22),(240,19,2.30,NULL,61),(241,19,46.00,NULL,60),(242,19,132.00,NULL,59),(243,19,4.00,NULL,39),(244,19,2.00,NULL,40),(245,19,3.90,NULL,41),(246,19,130.00,NULL,42),(247,19,1.30,NULL,43),(248,19,1.10,NULL,86),(249,19,2.00,NULL,33),(250,19,3.00,NULL,34),(251,19,2.80,NULL,35),(252,19,89.60,NULL,44),(253,20,186.00,NULL,31),(254,20,3.00,NULL,32),(255,20,3.00,NULL,39),(256,20,8.00,NULL,66),(257,20,50.00,NULL,67),(258,20,2.00,NULL,40),(259,20,76.00,NULL,44),(260,21,186.00,NULL,31),(261,21,3.00,NULL,32),(262,21,5.00,NULL,79),(263,21,3.00,NULL,80),(264,21,15.00,NULL,61),(265,21,52.00,NULL,68),(266,21,5.00,NULL,97),(267,21,76.00,NULL,44),(268,22,242.00,NULL,31),(269,22,3.10,NULL,86),(270,22,9.00,NULL,97),(271,22,25.00,NULL,61),(272,22,59.00,NULL,71),(273,23,55.00,NULL,31),(274,23,0.80,NULL,39),(275,23,0.40,NULL,80),(276,23,0.25,NULL,86),(277,23,2.80,NULL,85),(278,23,1.60,NULL,61),(279,23,24.00,NULL,72),(280,23,34.00,NULL,44),(281,24,332.00,NULL,31),(282,24,9.00,NULL,39),(283,24,5.00,NULL,80),(284,24,3.10,NULL,86),(285,24,35.00,NULL,85),(286,24,18.90,NULL,61),(287,24,408.00,NULL,73),(288,24,150.00,NULL,44),(289,25,332.00,NULL,31),(290,25,9.00,NULL,39),(291,25,5.00,NULL,80),(292,25,3.10,NULL,86),(293,25,18.90,NULL,61),(294,25,465.00,NULL,74),(295,25,150.00,NULL,44),(296,26,295.00,NULL,31),(297,26,6.00,NULL,39),(298,26,3.00,NULL,80),(299,26,3.10,NULL,86),(300,26,35.00,NULL,97),(301,26,18.90,NULL,61),(302,26,340.00,NULL,75),(303,26,173.00,NULL,44),(304,27,295.00,NULL,31),(305,27,6.00,NULL,39),(306,27,3.00,NULL,80),(307,27,3.10,NULL,86),(308,27,18.90,NULL,61),(309,27,340.00,NULL,76),(310,27,150.00,NULL,36),(311,28,295.00,NULL,31),(312,28,6.00,NULL,39),(313,28,3.00,NULL,80),(314,28,3.10,NULL,86),(315,28,17.00,NULL,97),(316,28,18.90,NULL,61),(317,28,340.00,NULL,100),(318,28,150.00,NULL,36),(319,29,213.00,NULL,31),(320,29,22.00,NULL,39),(321,29,4.00,NULL,66),(322,29,5.00,NULL,40),(323,29,441.00,NULL,37),(324,29,63.00,NULL,44),(325,30,1.00,NULL,86),(326,30,185.00,NULL,78),(327,30,134.00,NULL,31),(328,30,6.00,NULL,66),(329,30,8.00,NULL,39),(330,30,7.00,NULL,61),(331,30,33.00,NULL,44),(332,30,2.00,NULL,40),(333,25,35.00,NULL,84),(334,27,35.00,NULL,84),(335,22,150.00,NULL,83);
/*!40000 ALTER TABLE `item_general_formulaciones` ENABLE KEYS */;
UNLOCK TABLES;

--
-- Table structure for table `formulaciones_versiones`
--

DROP TABLE IF EXISTS `formulaciones_versiones`;
/*!40101 SET @saved_cs_client     = @@character_set_client */;
/*!50503 SET character_set_client = utf8mb4 */;
CREATE TABLE `formulaciones_versiones` (
  `id` int NOT NULL AUTO_INCREMENT,
  `formulacion_id` int NOT NULL,
  `version_num` int NOT NULL,
  `nombre` varchar(255) COLLATE utf8mb4_general_ci DEFAULT NULL,
  `descripcion` text COLLATE utf8mb4_general_ci,
  `ingredientes` json NOT NULL,
  `notas` varchar(255) COLLATE utf8mb4_general_ci DEFAULT NULL,
  `created_by` varchar(100) COLLATE utf8mb4_general_ci DEFAULT NULL,
  `created_at` datetime NOT NULL,
  PRIMARY KEY (`id`),
  UNIQUE KEY `uq_formulacion_version` (`formulacion_id`,`version_num`),
  KEY `idx_fv_formulacion` (`formulacion_id`),
  CONSTRAINT `formulaciones_versiones_formulacion_id_foreign` FOREIGN KEY (`formulacion_id`) REFERENCES `formulaciones` (`id_formulaciones`) ON DELETE CASCADE ON UPDATE CASCADE
) ENGINE=InnoDB AUTO_INCREMENT=31 DEFAULT CHARSET=utf8mb4 COLLATE=utf8mb4_general_ci;
/*!40101 SET character_set_client = @saved_cs_client */;

--
-- Dumping data for table `formulaciones_versiones`
--

LOCK TABLES `formulaciones_versiones` WRITE;
/*!40000 ALTER TABLE `formulaciones_versiones` DISABLE KEYS */;
INSERT INTO `formulaciones_versiones` VALUES (1,1,1,'PREPARACIÓN BARNIZ TRANSPARENTE BIRILLANTE',NULL,'[{\"cantidad\": \"932.00\", \"porcentaje\": null, \"item_codigo\": \"RAM014\", \"item_nombre\": \"RESINA MEDIA EN SOYA AL 50%\", \"item_general_id\": \"31\"}, {\"cantidad\": \"3.72\", \"porcentaje\": null, \"item_codigo\": \"AAN002\", \"item_nombre\": \"METIL ETIL CETOXIMA\", \"item_general_id\": \"32\"}, {\"cantidad\": \"6.52\", \"porcentaje\": null, \"item_codigo\": \"SOC011\", \"item_nombre\": \"OCTOATO DE COBALTO AL 12%\", \"item_general_id\": \"33\"}, {\"cantidad\": \"10.25\", \"porcentaje\": null, \"item_codigo\": \"SOZ024\", \"item_nombre\": \"OCTOATO DE ZIRCONIO AL 24%\", \"item_general_id\": \"34\"}, {\"cantidad\": \"9.32\", \"porcentaje\": null, \"item_codigo\": \"SOC010\", \"item_nombre\": \"OCTOATO DE CALCIO AL 10%\", \"item_general_id\": \"35\"}, {\"cantidad\": \"301.00\", \"porcentaje\": null, \"item_codigo\": \"SAA011\", \"item_nombre\": \"DISOLVENTE 2232 #3\", \"item_general_id\": \"36\"}]','Versión inicial (backfill automático)','sistema','2026-05-13 16:48:39'),(2,2,1,'PREPARACION ESMALTE BLANCO',NULL,'[{\"cantidad\": \"914.00\", \"porcentaje\": null, \"item_codigo\": \"RAM014\", \"item_nombre\": \"RESINA MEDIA EN SOYA AL 50%\", \"item_general_id\": \"31\"}, {\"cantidad\": \"425.00\", \"porcentaje\": null, \"item_codigo\": \"RAM014\", \"item_nombre\": \"RESINA MEDIA EN SOYA AL 50%\", \"item_general_id\": \"31\"}, {\"cantidad\": \"293.00\", \"porcentaje\": null, \"item_codigo\": \"PED010\", \"item_nombre\": \"DIOXIDO DE TITANIO\", \"item_general_id\": \"37\"}, {\"cantidad\": \"2.63\", \"porcentaje\": null, \"item_codigo\": \"SOZ016\", \"item_nombre\": \"OCTOATO DE ZINC AL 16%\", \"item_general_id\": \"38\"}, {\"cantidad\": \"16.00\", \"porcentaje\": null, \"item_codigo\": \"AAS005\", \"item_nombre\": \"BENTOCLAY BP 184\", \"item_general_id\": \"39\"}, {\"cantidad\": \"8.00\", \"porcentaje\": null, \"item_codigo\": \"SAA022\", \"item_nombre\": \"ETANOL AL 96%\", \"item_general_id\": \"40\"}, {\"cantidad\": \"14.20\", \"porcentaje\": null, \"item_codigo\": \"AEM005\", \"item_nombre\": \"DISASTAB\", \"item_general_id\": \"41\"}, {\"cantidad\": \"470.00\", \"porcentaje\": null, \"item_codigo\": \"SIA040\", \"item_nombre\": \"AGUA\", \"item_general_id\": \"42\"}, {\"cantidad\": \"4.70\", \"porcentaje\": null, \"item_codigo\": \"AET004\", \"item_nombre\": \"SULFATO DE MAGNESIO\", \"item_general_id\": \"43\"}, {\"cantidad\": \"5.20\", \"porcentaje\": null, \"item_codigo\": \"AAN002\", \"item_nombre\": \"ADIMON 84\", \"item_general_id\": \"86\"}, {\"cantidad\": \"9.37\", \"porcentaje\": null, \"item_codigo\": \"SOC011\", \"item_nombre\": \"OCTOATO DE COBALTO AL 12%\", \"item_general_id\": \"33\"}, {\"cantidad\": \"14.72\", \"porcentaje\": null, \"item_codigo\": \"SOZ024\", \"item_nombre\": \"OCTOATO DE ZIRCONIO AL 24%\", \"item_general_id\": \"34\"}, {\"cantidad\": \"13.40\", \"porcentaje\": null, \"item_codigo\": \"SOC010\", \"item_nombre\": \"OCTOATO DE CALCIO AL 10%\", \"item_general_id\": \"35\"}, {\"cantidad\": \"197.00\", \"porcentaje\": null, \"item_codigo\": \"SAA011\", \"item_nombre\": \"DISOLVENTE 2232 #3\", \"item_general_id\": \"36\"}, {\"cantidad\": \"200.00\", \"porcentaje\": null, \"item_codigo\": \"SAV010\", \"item_nombre\": \"VARSOL\", \"item_general_id\": \"44\"}]','Versión inicial (backfill automático)','sistema','2026-05-13 16:48:39'),(3,3,1,'PREPARACION ESMALTE CAOBA',NULL,'[{\"cantidad\": \"775.00\", \"porcentaje\": null, \"item_codigo\": \"RAM014\", \"item_nombre\": \"RESINA MEDIA EN SOYA AL 50%\", \"item_general_id\": \"31\"}, {\"cantidad\": \"103.00\", \"porcentaje\": null, \"item_codigo\": \"PAS026\", \"item_nombre\": \"PASTA ESMALTE CAOBA\", \"item_general_id\": \"26\"}, {\"cantidad\": \"8.70\", \"porcentaje\": null, \"item_codigo\": \"AEM005\", \"item_nombre\": \"DISASTAB\", \"item_general_id\": \"41\"}, {\"cantidad\": \"290.00\", \"porcentaje\": null, \"item_codigo\": \"SIA040\", \"item_nombre\": \"AGUA\", \"item_general_id\": \"42\"}, {\"cantidad\": \"3.00\", \"porcentaje\": null, \"item_codigo\": \"AET004\", \"item_nombre\": \"SULFATO DE MAGNESIO\", \"item_general_id\": \"43\"}, {\"cantidad\": \"3.30\", \"porcentaje\": null, \"item_codigo\": \"AAN002\", \"item_nombre\": \"ADIMON 84\", \"item_general_id\": \"86\"}, {\"cantidad\": \"5.78\", \"porcentaje\": null, \"item_codigo\": \"SOC011\", \"item_nombre\": \"OCTOATO DE COBALTO AL 12%\", \"item_general_id\": \"33\"}, {\"cantidad\": \"9.10\", \"porcentaje\": null, \"item_codigo\": \"SOZ024\", \"item_nombre\": \"OCTOATO DE ZIRCONIO AL 24%\", \"item_general_id\": \"34\"}, {\"cantidad\": \"8.26\", \"porcentaje\": null, \"item_codigo\": \"SOC010\", \"item_nombre\": \"OCTOATO DE CALCIO AL 10%\", \"item_general_id\": \"35\"}, {\"cantidad\": \"113.00\", \"porcentaje\": null, \"item_codigo\": \"SAA011\", \"item_nombre\": \"DISOLVENTE 2232 #3\", \"item_general_id\": \"36\"}, {\"cantidad\": \"114.00\", \"porcentaje\": null, \"item_codigo\": \"SAV010\", \"item_nombre\": \"VARSOL\", \"item_general_id\": \"44\"}]','Versión inicial (backfill automático)','sistema','2026-05-13 16:48:39'),(4,4,1,'PREPARACION ESMALTE NEGRO MATE',NULL,'[{\"cantidad\": \"775.00\", \"porcentaje\": null, \"item_codigo\": \"RAM014\", \"item_nombre\": \"RESINA MEDIA EN SOYA AL 50%\", \"item_general_id\": \"31\"}, {\"cantidad\": \"224.00\", \"porcentaje\": null, \"item_codigo\": \"CTA011\", \"item_nombre\": \"MICROTALC C 20\", \"item_general_id\": \"47\"}, {\"cantidad\": \"40.00\", \"porcentaje\": null, \"item_codigo\": \"MSI006\", \"item_nombre\": \"CELITE 499\", \"item_general_id\": \"48\"}, {\"cantidad\": \"12.00\", \"porcentaje\": null, \"item_codigo\": \"AAS005\", \"item_nombre\": \"ORGANOCLAY BK 884\", \"item_general_id\": \"81\"}, {\"cantidad\": \"6.00\", \"porcentaje\": null, \"item_codigo\": \"SAA022\", \"item_nombre\": \"ETANOL AL 96%\", \"item_general_id\": \"40\"}, {\"cantidad\": \"125.00\", \"porcentaje\": null, \"item_codigo\": \"PAS022\", \"item_nombre\": \"PASTA ESMALTE NEGRO\", \"item_general_id\": \"22\"}, {\"cantidad\": \"8.70\", \"porcentaje\": null, \"item_codigo\": \"AEM005\", \"item_nombre\": \"DISASTAB\", \"item_general_id\": \"41\"}, {\"cantidad\": \"290.00\", \"porcentaje\": null, \"item_codigo\": \"SIA040\", \"item_nombre\": \"AGUA\", \"item_general_id\": \"42\"}, {\"cantidad\": \"2.90\", \"porcentaje\": null, \"item_codigo\": \"AET004\", \"item_nombre\": \"SULFATO DE MAGNESIO\", \"item_general_id\": \"43\"}, {\"cantidad\": \"3.35\", \"porcentaje\": null, \"item_codigo\": \"AAN002\", \"item_nombre\": \"ADIMON 84\", \"item_general_id\": \"86\"}, {\"cantidad\": \"5.86\", \"porcentaje\": null, \"item_codigo\": \"SOC011\", \"item_nombre\": \"OCTOATO DE COBALTO AL 12%\", \"item_general_id\": \"33\"}, {\"cantidad\": \"9.21\", \"porcentaje\": null, \"item_codigo\": \"SOZ024\", \"item_nombre\": \"OCTOATO DE ZIRCONIO AL 24%\", \"item_general_id\": \"34\"}, {\"cantidad\": \"8.37\", \"porcentaje\": null, \"item_codigo\": \"SOC010\", \"item_nombre\": \"OCTOATO DE CALCIO AL 10%\", \"item_general_id\": \"35\"}, {\"cantidad\": \"227.00\", \"porcentaje\": null, \"item_codigo\": \"SAV010\", \"item_nombre\": \"VARSOL\", \"item_general_id\": \"44\"}]','Versión inicial (backfill automático)','sistema','2026-05-13 16:48:39'),(5,5,1,'PREPARACIÓN ESMALTE ROJO FIESTA',NULL,'[{\"cantidad\": \"775.00\", \"porcentaje\": null, \"item_codigo\": \"RAM014\", \"item_nombre\": \"RESINA MEDIA EN SOYA AL 50%\", \"item_general_id\": \"31\"}, {\"cantidad\": \"36.56\", \"porcentaje\": null, \"item_codigo\": \"PE1033\", \"item_nombre\": \"PASTA ESMALTE ROJO 57:1\", \"item_general_id\": \"50\"}, {\"cantidad\": \"79.40\", \"porcentaje\": null, \"item_codigo\": \"PAS024\", \"item_nombre\": \"PASTA ESMALTE NARANJA\", \"item_general_id\": \"24\"}, {\"cantidad\": \"6.00\", \"porcentaje\": null, \"item_codigo\": \"AEM005\", \"item_nombre\": \"DISASTAB\", \"item_general_id\": \"41\"}, {\"cantidad\": \"200.00\", \"porcentaje\": null, \"item_codigo\": \"SIA040\", \"item_nombre\": \"AGUA\", \"item_general_id\": \"42\"}, {\"cantidad\": \"2.00\", \"porcentaje\": null, \"item_codigo\": \"AET004\", \"item_nombre\": \"SULFATO DE MAGNESIO\", \"item_general_id\": \"43\"}, {\"cantidad\": \"3.33\", \"porcentaje\": null, \"item_codigo\": \"AAN002\", \"item_nombre\": \"ADIMON 84\", \"item_general_id\": \"86\"}, {\"cantidad\": \"5.83\", \"porcentaje\": null, \"item_codigo\": \"SOC011\", \"item_nombre\": \"OCTOATO DE COBALTO AL 12%\", \"item_general_id\": \"33\"}, {\"cantidad\": \"9.16\", \"porcentaje\": null, \"item_codigo\": \"SOZ024\", \"item_nombre\": \"OCTOATO DE ZIRCONIO AL 24%\", \"item_general_id\": \"34\"}, {\"cantidad\": \"8.32\", \"porcentaje\": null, \"item_codigo\": \"SOC010\", \"item_nombre\": \"OCTOATO DE CALCIO AL 10%\", \"item_general_id\": \"35\"}, {\"cantidad\": \"227.00\", \"porcentaje\": null, \"item_codigo\": \"SAA011\", \"item_nombre\": \"DISOLVENTE 2232 #3\", \"item_general_id\": \"36\"}]','Versión inicial (backfill automático)','sistema','2026-05-13 16:48:39'),(6,6,1,'PREPARACION ESMALTE NEGRO BRILLANTE',NULL,'[{\"cantidad\": \"775.00\", \"porcentaje\": null, \"item_codigo\": \"RAM014\", \"item_nombre\": \"RESINA MEDIA EN SOYA AL 50%\", \"item_general_id\": \"31\"}, {\"cantidad\": \"125.00\", \"porcentaje\": null, \"item_codigo\": \"PAS022\", \"item_nombre\": \"PASTA ESMALTE NEGRO\", \"item_general_id\": \"22\"}, {\"cantidad\": \"5.70\", \"porcentaje\": null, \"item_codigo\": \"AEM005\", \"item_nombre\": \"DISASTAB\", \"item_general_id\": \"41\"}, {\"cantidad\": \"190.00\", \"porcentaje\": null, \"item_codigo\": \"SIA040\", \"item_nombre\": \"AGUA\", \"item_general_id\": \"42\"}, {\"cantidad\": \"1.90\", \"porcentaje\": null, \"item_codigo\": \"AET004\", \"item_nombre\": \"SULFATO DE MAGNESIO\", \"item_general_id\": \"43\"}, {\"cantidad\": \"3.35\", \"porcentaje\": null, \"item_codigo\": \"AAN002\", \"item_nombre\": \"ADIMON 84\", \"item_general_id\": \"86\"}, {\"cantidad\": \"5.86\", \"porcentaje\": null, \"item_codigo\": \"SOC011\", \"item_nombre\": \"OCTOATO DE COBALTO AL 12%\", \"item_general_id\": \"33\"}, {\"cantidad\": \"9.21\", \"porcentaje\": null, \"item_codigo\": \"SOZ024\", \"item_nombre\": \"OCTOATO DE ZIRCONIO AL 24%\", \"item_general_id\": \"34\"}, {\"cantidad\": \"8.37\", \"porcentaje\": null, \"item_codigo\": \"SOC010\", \"item_nombre\": \"OCTOATO DE CALCIO AL 10%\", \"item_general_id\": \"35\"}, {\"cantidad\": \"227.00\", \"porcentaje\": null, \"item_codigo\": \"SAV010\", \"item_nombre\": \"VARSOL\", \"item_general_id\": \"44\"}]','Versión inicial (backfill automático)','sistema','2026-05-13 16:48:39'),(7,7,1,'PREPARACION ESMALTE VERDE ESMERALDA',NULL,'[{\"cantidad\": \"775.00\", \"porcentaje\": null, \"item_codigo\": \"RAM014\", \"item_nombre\": \"RESINA MEDIA EN SOYA AL 50%\", \"item_general_id\": \"31\"}, {\"cantidad\": \"62.00\", \"porcentaje\": null, \"item_codigo\": \"PE1010\", \"item_nombre\": \"PASTA AMARILLO CROMO MEDIO\", \"item_general_id\": \"52\"}, {\"cantidad\": \"10.40\", \"porcentaje\": null, \"item_codigo\": \"PE1021\", \"item_nombre\": \"PASTA ESMALTE AZUL FTALO 15:3\", \"item_general_id\": \"56\"}, {\"cantidad\": \"108.00\", \"porcentaje\": null, \"item_codigo\": \"PE1040\", \"item_nombre\": \"PASTA VERDE FTALO\", \"item_general_id\": \"54\"}, {\"cantidad\": \"6.20\", \"porcentaje\": null, \"item_codigo\": \"AEM005\", \"item_nombre\": \"DISASTAB\", \"item_general_id\": \"41\"}, {\"cantidad\": \"205.00\", \"porcentaje\": null, \"item_codigo\": \"SIA040\", \"item_nombre\": \"AGUA\", \"item_general_id\": \"42\"}, {\"cantidad\": \"2.10\", \"porcentaje\": null, \"item_codigo\": \"AET004\", \"item_nombre\": \"SULFATO DE MAGNESIO\", \"item_general_id\": \"43\"}, {\"cantidad\": \"3.46\", \"porcentaje\": null, \"item_codigo\": \"AAN002\", \"item_nombre\": \"ADIMON 84\", \"item_general_id\": \"86\"}, {\"cantidad\": \"6.05\", \"porcentaje\": null, \"item_codigo\": \"SOC011\", \"item_nombre\": \"OCTOATO DE COBALTO AL 12%\", \"item_general_id\": \"33\"}, {\"cantidad\": \"9.51\", \"porcentaje\": null, \"item_codigo\": \"SOZ024\", \"item_nombre\": \"OCTOATO DE ZIRCONIO AL 24%\", \"item_general_id\": \"34\"}, {\"cantidad\": \"8.65\", \"porcentaje\": null, \"item_codigo\": \"SOC010\", \"item_nombre\": \"OCTOATO DE CALCIO AL 10%\", \"item_general_id\": \"35\"}, {\"cantidad\": \"113.00\", \"porcentaje\": null, \"item_codigo\": \"SAA011\", \"item_nombre\": \"DISOLVENTE 2232 #3\", \"item_general_id\": \"36\"}, {\"cantidad\": \"114.00\", \"porcentaje\": null, \"item_codigo\": \"SAV010\", \"item_nombre\": \"VARSOL\", \"item_general_id\": \"44\"}]','Versión inicial (backfill automático)','sistema','2026-05-13 16:48:39'),(8,8,1,'PREPARACION ESMALTE GRIS PLATA',NULL,'[{\"cantidad\": \"425.00\", \"porcentaje\": null, \"item_codigo\": \"RAM014\", \"item_nombre\": \"RESINA MEDIA EN SOYA AL 50%\", \"item_general_id\": \"31\"}, {\"cantidad\": \"251.00\", \"porcentaje\": null, \"item_codigo\": \"PED010\", \"item_nombre\": \"DIOXIDO DE TITANIO\", \"item_general_id\": \"37\"}, {\"cantidad\": \"2.63\", \"porcentaje\": null, \"item_codigo\": \"SOZ016\", \"item_nombre\": \"OCTOATO DE ZINC AL 16%\", \"item_general_id\": \"38\"}, {\"cantidad\": \"16.00\", \"porcentaje\": null, \"item_codigo\": \"AAS005\", \"item_nombre\": \"BENTOCLAY BP 184\", \"item_general_id\": \"39\"}, {\"cantidad\": \"8.00\", \"porcentaje\": null, \"item_codigo\": \"SAA022\", \"item_nombre\": \"ETANOL AL 96%\", \"item_general_id\": \"40\"}, {\"cantidad\": \"3.30\", \"porcentaje\": null, \"item_codigo\": \"PAS027\", \"item_nombre\": \"PASTA ESMALTE AMARILLO OXIDO\", \"item_general_id\": \"27\"}, {\"cantidad\": \"17.00\", \"porcentaje\": null, \"item_codigo\": \"PAS022\", \"item_nombre\": \"PASTA ESMALTE NEGRO\", \"item_general_id\": \"22\"}, {\"cantidad\": \"14.20\", \"porcentaje\": null, \"item_codigo\": \"AEM005\", \"item_nombre\": \"DISASTAB\", \"item_general_id\": \"41\"}, {\"cantidad\": \"470.00\", \"porcentaje\": null, \"item_codigo\": \"SIA040\", \"item_nombre\": \"AGUA\", \"item_general_id\": \"42\"}, {\"cantidad\": \"4.70\", \"porcentaje\": null, \"item_codigo\": \"AET004\", \"item_nombre\": \"SULFATO DE MAGNESIO\", \"item_general_id\": \"43\"}, {\"cantidad\": \"5.20\", \"porcentaje\": null, \"item_codigo\": \"AAN002\", \"item_nombre\": \"ADIMON 84\", \"item_general_id\": \"86\"}, {\"cantidad\": \"9.37\", \"porcentaje\": null, \"item_codigo\": \"SOC011\", \"item_nombre\": \"OCTOATO DE COBALTO AL 12%\", \"item_general_id\": \"33\"}, {\"cantidad\": \"14.72\", \"porcentaje\": null, \"item_codigo\": \"SOZ024\", \"item_nombre\": \"OCTOATO DE ZIRCONIO AL 24%\", \"item_general_id\": \"34\"}, {\"cantidad\": \"13.40\", \"porcentaje\": null, \"item_codigo\": \"SOC010\", \"item_nombre\": \"OCTOATO DE CALCIO AL 10%\", \"item_general_id\": \"35\"}, {\"cantidad\": \"197.00\", \"porcentaje\": null, \"item_codigo\": \"SAA011\", \"item_nombre\": \"DISOLVENTE 2232 #3\", \"item_general_id\": \"36\"}, {\"cantidad\": \"200.00\", \"porcentaje\": null, \"item_codigo\": \"SAV010\", \"item_nombre\": \"VARSOL\", \"item_general_id\": \"44\"}]','Versión inicial (backfill automático)','sistema','2026-05-13 16:48:39'),(9,9,1,'PREPARACION ESMALTE AZUL ESPAÑOL',NULL,'[{\"cantidad\": \"225.00\", \"porcentaje\": null, \"item_codigo\": \"RAM014\", \"item_nombre\": \"RESINA MEDIA EN SOYA AL 50%\", \"item_general_id\": \"31\"}, {\"cantidad\": \"56.00\", \"porcentaje\": null, \"item_codigo\": \"PED010\", \"item_nombre\": \"DIOXIDO DE TITANIO\", \"item_general_id\": \"37\"}, {\"cantidad\": \"0.70\", \"porcentaje\": null, \"item_codigo\": \"SOZ016\", \"item_nombre\": \"OCTOATO DE ZINC AL 16%\", \"item_general_id\": \"38\"}, {\"cantidad\": \"2.00\", \"porcentaje\": null, \"item_codigo\": \"AAS005\", \"item_nombre\": \"BENTOCLAY BP 184\", \"item_general_id\": \"39\"}, {\"cantidad\": \"1.00\", \"porcentaje\": null, \"item_codigo\": \"SAA022\", \"item_nombre\": \"ETANOL AL 96%\", \"item_general_id\": \"40\"}, {\"cantidad\": \"168.00\", \"porcentaje\": null, \"item_codigo\": \"PE1021\", \"item_nombre\": \"PASTA ESMALTE AZUL FTALO 15:3\", \"item_general_id\": \"56\"}, {\"cantidad\": \"11.20\", \"porcentaje\": null, \"item_codigo\": \"PE1033\", \"item_nombre\": \"PASTA ESMALTE ROJO 57:1\", \"item_general_id\": \"50\"}, {\"cantidad\": \"9.70\", \"porcentaje\": null, \"item_codigo\": \"AEM005\", \"item_nombre\": \"DISASTAB\", \"item_general_id\": \"41\"}, {\"cantidad\": \"323.00\", \"porcentaje\": null, \"item_codigo\": \"SIA040\", \"item_nombre\": \"AGUA\", \"item_general_id\": \"42\"}, {\"cantidad\": \"3.23\", \"porcentaje\": null, \"item_codigo\": \"AET004\", \"item_nombre\": \"SULFATO DE MAGNESIO\", \"item_general_id\": \"43\"}, {\"cantidad\": \"5.40\", \"porcentaje\": null, \"item_codigo\": \"AAN002\", \"item_nombre\": \"ADIMON 84\", \"item_general_id\": \"86\"}, {\"cantidad\": \"9.45\", \"porcentaje\": null, \"item_codigo\": \"SOC011\", \"item_nombre\": \"OCTOATO DE COBALTO AL 12%\", \"item_general_id\": \"33\"}, {\"cantidad\": \"14.86\", \"porcentaje\": null, \"item_codigo\": \"SOZ024\", \"item_nombre\": \"OCTOATO DE ZIRCONIO AL 24%\", \"item_general_id\": \"34\"}, {\"cantidad\": \"13.51\", \"porcentaje\": null, \"item_codigo\": \"SOC010\", \"item_nombre\": \"OCTOATO DE CALCIO AL 10%\", \"item_general_id\": \"35\"}, {\"cantidad\": \"197.00\", \"porcentaje\": null, \"item_codigo\": \"SAA011\", \"item_nombre\": \"DISOLVENTE 2232 #3\", \"item_general_id\": \"36\"}, {\"cantidad\": \"165.00\", \"porcentaje\": null, \"item_codigo\": \"SAV010\", \"item_nombre\": \"VARSOL\", \"item_general_id\": \"44\"}]','Versión inicial (backfill automático)','sistema','2026-05-13 16:48:39'),(10,10,1,'PREPARACION ESMALTE BLANCO MATE',NULL,'[{\"cantidad\": \"1173.00\", \"porcentaje\": null, \"item_codigo\": \"RAM014\", \"item_nombre\": \"RESINA MEDIA EN SOYA AL 50%\", \"item_general_id\": \"31\"}, {\"cantidad\": \"288.00\", \"porcentaje\": null, \"item_codigo\": \"PED010\", \"item_nombre\": \"DIOXIDO DE TITANIO\", \"item_general_id\": \"37\"}, {\"cantidad\": \"435.00\", \"porcentaje\": null, \"item_codigo\": \"CCC002\", \"item_nombre\": \"OMYACARB UF\", \"item_general_id\": \"57\"}, {\"cantidad\": \"84.00\", \"porcentaje\": null, \"item_codigo\": \"MSI006\", \"item_nombre\": \"CELITE 499\", \"item_general_id\": \"48\"}, {\"cantidad\": \"5.00\", \"porcentaje\": null, \"item_codigo\": \"SOZ016\", \"item_nombre\": \"OCTOATO DE ZINC AL 16%\", \"item_general_id\": \"38\"}, {\"cantidad\": \"25.00\", \"porcentaje\": null, \"item_codigo\": \"AAS005\", \"item_nombre\": \"BENTOCLAY BP 184\", \"item_general_id\": \"39\"}, {\"cantidad\": \"10.00\", \"porcentaje\": null, \"item_codigo\": \"SAA022\", \"item_nombre\": \"ETANOL AL 96%\", \"item_general_id\": \"40\"}, {\"cantidad\": \"14.30\", \"porcentaje\": null, \"item_codigo\": \"AEM005\", \"item_nombre\": \"DISASTAB\", \"item_general_id\": \"41\"}, {\"cantidad\": \"477.00\", \"porcentaje\": null, \"item_codigo\": \"SIA040\", \"item_nombre\": \"AGUA\", \"item_general_id\": \"42\"}, {\"cantidad\": \"4.80\", \"porcentaje\": null, \"item_codigo\": \"AET004\", \"item_nombre\": \"SULFATO DE MAGNESIO\", \"item_general_id\": \"43\"}, {\"cantidad\": \"4.69\", \"porcentaje\": null, \"item_codigo\": \"AAN002\", \"item_nombre\": \"ADIMON 84\", \"item_general_id\": \"86\"}, {\"cantidad\": \"8.20\", \"porcentaje\": null, \"item_codigo\": \"SOC011\", \"item_nombre\": \"OCTOATO DE COBALTO AL 12%\", \"item_general_id\": \"33\"}, {\"cantidad\": \"12.90\", \"porcentaje\": null, \"item_codigo\": \"SOZ024\", \"item_nombre\": \"OCTOATO DE ZIRCONIO AL 24%\", \"item_general_id\": \"34\"}, {\"cantidad\": \"11.70\", \"porcentaje\": null, \"item_codigo\": \"SOC010\", \"item_nombre\": \"OCTOATO DE CALCIO AL 10%\", \"item_general_id\": \"35\"}, {\"cantidad\": \"433.00\", \"porcentaje\": null, \"item_codigo\": \"SAV010\", \"item_nombre\": \"VARSOL\", \"item_general_id\": \"44\"}]','Versión inicial (backfill automático)','sistema','2026-05-13 16:48:39'),(11,11,1,'PREPARACION ESMALTE AMARILLO',NULL,'[{\"cantidad\": \"1033.00\", \"porcentaje\": null, \"item_codigo\": \"RAM014\", \"item_nombre\": \"RESINA MEDIA EN SOYA AL 50%\", \"item_general_id\": \"31\"}, {\"cantidad\": \"294.70\", \"porcentaje\": null, \"item_codigo\": \"PE1010\", \"item_nombre\": \"PASTA AMARILLO CROMO MEDIO\", \"item_general_id\": \"52\"}, {\"cantidad\": \"11.13\", \"porcentaje\": null, \"item_codigo\": \"AEM005\", \"item_nombre\": \"DISASTAB\", \"item_general_id\": \"41\"}, {\"cantidad\": \"371.00\", \"porcentaje\": null, \"item_codigo\": \"SIA040\", \"item_nombre\": \"AGUA\", \"item_general_id\": \"42\"}, {\"cantidad\": \"3.70\", \"porcentaje\": null, \"item_codigo\": \"AET004\", \"item_nombre\": \"SULFATO DE MAGNESIO\", \"item_general_id\": \"43\"}, {\"cantidad\": \"4.72\", \"porcentaje\": null, \"item_codigo\": \"AAN002\", \"item_nombre\": \"ADIMON 84\", \"item_general_id\": \"86\"}, {\"cantidad\": \"8.26\", \"porcentaje\": null, \"item_codigo\": \"SOC011\", \"item_nombre\": \"OCTOATO DE COBALTO AL 12%\", \"item_general_id\": \"33\"}, {\"cantidad\": \"13.00\", \"porcentaje\": null, \"item_codigo\": \"SOZ024\", \"item_nombre\": \"OCTOATO DE ZIRCONIO AL 24%\", \"item_general_id\": \"34\"}, {\"cantidad\": \"11.81\", \"porcentaje\": null, \"item_codigo\": \"SOC010\", \"item_nombre\": \"OCTOATO DE CALCIO AL 10%\", \"item_general_id\": \"35\"}, {\"cantidad\": \"391.00\", \"porcentaje\": null, \"item_codigo\": \"SAV010\", \"item_nombre\": \"VARSOL\", \"item_general_id\": \"44\"}]','Versión inicial (backfill automático)','sistema','2026-05-13 16:48:39'),(12,12,1,'PREPARACION ESMALTE NARANJA',NULL,'[{\"cantidad\": \"1033.00\", \"porcentaje\": null, \"item_codigo\": \"RAM014\", \"item_nombre\": \"RESINA MEDIA EN SOYA AL 50%\", \"item_general_id\": \"31\"}, {\"cantidad\": \"180.00\", \"porcentaje\": null, \"item_codigo\": \"PAS024\", \"item_nombre\": \"PASTA ESMALTE NARANJA\", \"item_general_id\": \"24\"}, {\"cantidad\": \"77.00\", \"porcentaje\": null, \"item_codigo\": \"PE1010\", \"item_nombre\": \"PASTA AMARILLO CROMO MEDIO\", \"item_general_id\": \"52\"}, {\"cantidad\": \"11.00\", \"porcentaje\": null, \"item_codigo\": \"AEM005\", \"item_nombre\": \"DISASTAB\", \"item_general_id\": \"41\"}, {\"cantidad\": \"363.00\", \"porcentaje\": null, \"item_codigo\": \"SIA040\", \"item_nombre\": \"AGUA\", \"item_general_id\": \"42\"}, {\"cantidad\": \"3.66\", \"porcentaje\": null, \"item_codigo\": \"AET004\", \"item_nombre\": \"SULFATO DE MAGNESIO\", \"item_general_id\": \"43\"}, {\"cantidad\": \"4.64\", \"porcentaje\": null, \"item_codigo\": \"AAN002\", \"item_nombre\": \"ADIMON 84\", \"item_general_id\": \"86\"}, {\"cantidad\": \"8.13\", \"porcentaje\": null, \"item_codigo\": \"SOC011\", \"item_nombre\": \"OCTOATO DE COBALTO AL 12%\", \"item_general_id\": \"33\"}, {\"cantidad\": \"12.77\", \"porcentaje\": null, \"item_codigo\": \"SOZ024\", \"item_nombre\": \"OCTOATO DE ZIRCONIO AL 24%\", \"item_general_id\": \"34\"}, {\"cantidad\": \"11.61\", \"porcentaje\": null, \"item_codigo\": \"SOC010\", \"item_nombre\": \"OCTOATO DE CALCIO AL 10%\", \"item_general_id\": \"35\"}, {\"cantidad\": \"391.00\", \"porcentaje\": null, \"item_codigo\": \"SAV010\", \"item_nombre\": \"VARSOL\", \"item_general_id\": \"44\"}]','Versión inicial (backfill automático)','sistema','2026-05-13 16:48:39'),(13,13,1,'PREPARACION ESMALTE TABACO',NULL,'[{\"cantidad\": \"1033.00\", \"porcentaje\": null, \"item_codigo\": \"RAM014\", \"item_nombre\": \"RESINA MEDIA EN SOYA AL 50%\", \"item_general_id\": \"31\"}, {\"cantidad\": \"190.00\", \"porcentaje\": null, \"item_codigo\": \"PAS030\", \"item_nombre\": \"PASTA ESMALTE TABACO\", \"item_general_id\": \"30\"}, {\"cantidad\": \"11.00\", \"porcentaje\": null, \"item_codigo\": \"AEM005\", \"item_nombre\": \"DISASTAB\", \"item_general_id\": \"41\"}, {\"cantidad\": \"363.00\", \"porcentaje\": null, \"item_codigo\": \"SIA040\", \"item_nombre\": \"AGUA\", \"item_general_id\": \"42\"}, {\"cantidad\": \"3.60\", \"porcentaje\": null, \"item_codigo\": \"AET004\", \"item_nombre\": \"SULFATO DE MAGNESIO\", \"item_general_id\": \"43\"}, {\"cantidad\": \"4.50\", \"porcentaje\": null, \"item_codigo\": \"AAN002\", \"item_nombre\": \"ADIMON 84\", \"item_general_id\": \"86\"}, {\"cantidad\": \"7.90\", \"porcentaje\": null, \"item_codigo\": \"SOC011\", \"item_nombre\": \"OCTOATO DE COBALTO AL 12%\", \"item_general_id\": \"33\"}, {\"cantidad\": \"12.40\", \"porcentaje\": null, \"item_codigo\": \"SOZ024\", \"item_nombre\": \"OCTOATO DE ZIRCONIO AL 24%\", \"item_general_id\": \"34\"}, {\"cantidad\": \"11.30\", \"porcentaje\": null, \"item_codigo\": \"SOC010\", \"item_nombre\": \"OCTOATO DE CALCIO AL 10%\", \"item_general_id\": \"35\"}, {\"cantidad\": \"391.00\", \"porcentaje\": null, \"item_codigo\": \"SAV010\", \"item_nombre\": \"VARSOL\", \"item_general_id\": \"44\"}]','Versión inicial (backfill automático)','sistema','2026-05-13 16:48:39'),(14,14,1,'PREPARACION ANTICORROSIVO GRIS',NULL,'[{\"cantidad\": \"1056.00\", \"porcentaje\": null, \"item_codigo\": \"RAM014\", \"item_nombre\": \"RESINA MEDIA EN SOYA AL 50%\", \"item_general_id\": \"31\"}, {\"cantidad\": \"186.00\", \"porcentaje\": null, \"item_codigo\": \"PED007\", \"item_nombre\": \"DIOXIDO DE TITANIO SULFATO 2196\", \"item_general_id\": \"77\"}, {\"cantidad\": \"848.00\", \"porcentaje\": null, \"item_codigo\": \"CTA025\", \"item_nombre\": \"MICROTALC C 20\", \"item_general_id\": \"59\"}, {\"cantidad\": \"70.00\", \"porcentaje\": null, \"item_codigo\": \"CCC004\", \"item_nombre\": \"CARBONATO DE CALCIO HI WHITE\", \"item_general_id\": \"60\"}, {\"cantidad\": \"5.00\", \"porcentaje\": null, \"item_codigo\": \"AHU002\", \"item_nombre\": \"LECITINA DE SOYA\", \"item_general_id\": \"61\"}, {\"cantidad\": \"25.00\", \"porcentaje\": null, \"item_codigo\": \"AAS005\", \"item_nombre\": \"BENTOCLAY BP 184\", \"item_general_id\": \"39\"}, {\"cantidad\": \"5.00\", \"porcentaje\": null, \"item_codigo\": \"SAA022\", \"item_nombre\": \"ETANOL AL 96%\", \"item_general_id\": \"40\"}, {\"cantidad\": \"17.80\", \"porcentaje\": null, \"item_codigo\": \"AEM005\", \"item_nombre\": \"DISASTAB\", \"item_general_id\": \"41\"}, {\"cantidad\": \"593.00\", \"porcentaje\": null, \"item_codigo\": \"SIA040\", \"item_nombre\": \"AGUA\", \"item_general_id\": \"42\"}, {\"cantidad\": \"5.93\", \"porcentaje\": null, \"item_codigo\": \"AET004\", \"item_nombre\": \"SULFATO DE MAGNESIO\", \"item_general_id\": \"43\"}, {\"cantidad\": \"4.30\", \"porcentaje\": null, \"item_codigo\": \"AAN002\", \"item_nombre\": \"ADIMON 84\", \"item_general_id\": \"86\"}, {\"cantidad\": \"7.40\", \"porcentaje\": null, \"item_codigo\": \"SOC011\", \"item_nombre\": \"OCTOATO DE COBALTO AL 12%\", \"item_general_id\": \"33\"}, {\"cantidad\": \"11.60\", \"porcentaje\": null, \"item_codigo\": \"SOZ024\", \"item_nombre\": \"OCTOATO DE ZIRCONIO AL 24%\", \"item_general_id\": \"34\"}, {\"cantidad\": \"10.60\", \"porcentaje\": null, \"item_codigo\": \"SOC010\", \"item_nombre\": \"OCTOATO DE CALCIO AL 10%\", \"item_general_id\": \"35\"}, {\"cantidad\": \"20.00\", \"porcentaje\": null, \"item_codigo\": \"PAS022\", \"item_nombre\": \"PASTA ESMALTE NEGRO\", \"item_general_id\": \"22\"}, {\"cantidad\": \"550.00\", \"porcentaje\": null, \"item_codigo\": \"SAV010\", \"item_nombre\": \"VARSOL\", \"item_general_id\": \"44\"}]','Versión inicial (backfill automático)','sistema','2026-05-13 16:48:39'),(15,15,1,'PREPARACION ANTICORROSIVO NEGRO',NULL,'[{\"cantidad\": \"256.00\", \"porcentaje\": null, \"item_codigo\": \"RAM014\", \"item_nombre\": \"RESINA MEDIA EN SOYA AL 50%\", \"item_general_id\": \"31\"}, {\"cantidad\": \"37.00\", \"porcentaje\": null, \"item_codigo\": \"PAS022\", \"item_nombre\": \"PASTA ESMALTE NEGRO\", \"item_general_id\": \"22\"}, {\"cantidad\": \"2.30\", \"porcentaje\": null, \"item_codigo\": \"AHU002\", \"item_nombre\": \"LECITINA DE SOYA\", \"item_general_id\": \"61\"}, {\"cantidad\": \"46.00\", \"porcentaje\": null, \"item_codigo\": \"CCC004\", \"item_nombre\": \"CARBONATO DE CALCIO HI WHITE\", \"item_general_id\": \"60\"}, {\"cantidad\": \"132.00\", \"porcentaje\": null, \"item_codigo\": \"CTA025\", \"item_nombre\": \"MICROTALC C 20\", \"item_general_id\": \"59\"}, {\"cantidad\": \"4.00\", \"porcentaje\": null, \"item_codigo\": \"AAS012\", \"item_nombre\": \"BENTOCLAY BP 184\", \"item_general_id\": \"79\"}, {\"cantidad\": \"2.00\", \"porcentaje\": null, \"item_codigo\": \"SAA022\", \"item_nombre\": \"ETANOL AL 96%\", \"item_general_id\": \"40\"}, {\"cantidad\": \"3.70\", \"porcentaje\": null, \"item_codigo\": \"AEM005\", \"item_nombre\": \"DISASTAB\", \"item_general_id\": \"41\"}, {\"cantidad\": \"123.00\", \"porcentaje\": null, \"item_codigo\": \"SIA040\", \"item_nombre\": \"AGUA\", \"item_general_id\": \"42\"}, {\"cantidad\": \"1.30\", \"porcentaje\": null, \"item_codigo\": \"AET004\", \"item_nombre\": \"SULFATO DE MAGNESIO\", \"item_general_id\": \"43\"}, {\"cantidad\": \"1.10\", \"porcentaje\": null, \"item_codigo\": \"AAN002\", \"item_nombre\": \"ADIMON 84\", \"item_general_id\": \"86\"}, {\"cantidad\": \"2.00\", \"porcentaje\": null, \"item_codigo\": \"SOC011\", \"item_nombre\": \"OCTOATO DE COBALTO AL 12%\", \"item_general_id\": \"33\"}, {\"cantidad\": \"3.00\", \"porcentaje\": null, \"item_codigo\": \"SOZ024\", \"item_nombre\": \"OCTOATO DE ZIRCONIO AL 24%\", \"item_general_id\": \"34\"}, {\"cantidad\": \"2.80\", \"porcentaje\": null, \"item_codigo\": \"SOC010\", \"item_nombre\": \"OCTOATO DE CALCIO AL 10%\", \"item_general_id\": \"35\"}, {\"cantidad\": \"89.60\", \"porcentaje\": null, \"item_codigo\": \"SAV010\", \"item_nombre\": \"VARSOL\", \"item_general_id\": \"44\"}]','Versión inicial (backfill automático)','sistema','2026-05-13 16:48:39'),(16,16,1,'PREPARACION ANTICORROSIVO AMARILLO',NULL,'[{\"cantidad\": \"274.00\", \"porcentaje\": null, \"item_codigo\": \"RAM014\", \"item_nombre\": \"RESINA MEDIA EN SOYA AL 50%\", \"item_general_id\": \"31\"}, {\"cantidad\": \"47.00\", \"porcentaje\": null, \"item_codigo\": \"PEA010\", \"item_nombre\": \"OXIDO DE HIERRO AMARILLO Y 4021\", \"item_general_id\": \"63\"}, {\"cantidad\": \"220.00\", \"porcentaje\": null, \"item_codigo\": \"CTA025\", \"item_nombre\": \"MICROTALC C 20\", \"item_general_id\": \"59\"}, {\"cantidad\": \"18.00\", \"porcentaje\": null, \"item_codigo\": \"CCC004\", \"item_nombre\": \"CARBONATO DE CALCIO HI WHITE\", \"item_general_id\": \"60\"}, {\"cantidad\": \"1.30\", \"porcentaje\": null, \"item_codigo\": \"AHU002\", \"item_nombre\": \"LECITINA DE SOYA\", \"item_general_id\": \"61\"}, {\"cantidad\": \"6.50\", \"porcentaje\": null, \"item_codigo\": \"AAS005\", \"item_nombre\": \"BENTOCLAY BP 184\", \"item_general_id\": \"39\"}, {\"cantidad\": \"4.00\", \"porcentaje\": null, \"item_codigo\": \"SAA022\", \"item_nombre\": \"ETANOL AL 96%\", \"item_general_id\": \"40\"}, {\"cantidad\": \"4.80\", \"porcentaje\": null, \"item_codigo\": \"AEM005\", \"item_nombre\": \"DISASTAB\", \"item_general_id\": \"41\"}, {\"cantidad\": \"160.00\", \"porcentaje\": null, \"item_codigo\": \"SIA040\", \"item_nombre\": \"AGUA\", \"item_general_id\": \"42\"}, {\"cantidad\": \"1.60\", \"porcentaje\": null, \"item_codigo\": \"AET004\", \"item_nombre\": \"SULFATO DE MAGNESIO\", \"item_general_id\": \"43\"}, {\"cantidad\": \"1.10\", \"porcentaje\": null, \"item_codigo\": \"AAN002\", \"item_nombre\": \"ADIMON 84\", \"item_general_id\": \"86\"}, {\"cantidad\": \"1.92\", \"porcentaje\": null, \"item_codigo\": \"SOC011\", \"item_nombre\": \"OCTOATO DE COBALTO AL 12%\", \"item_general_id\": \"33\"}, {\"cantidad\": \"3.00\", \"porcentaje\": null, \"item_codigo\": \"SOZ024\", \"item_nombre\": \"OCTOATO DE ZIRCONIO AL 24%\", \"item_general_id\": \"34\"}, {\"cantidad\": \"2.74\", \"porcentaje\": null, \"item_codigo\": \"SOC010\", \"item_nombre\": \"OCTOATO DE CALCIO AL 10%\", \"item_general_id\": \"35\"}, {\"cantidad\": \"142.60\", \"porcentaje\": null, \"item_codigo\": \"SAV010\", \"item_nombre\": \"VARSOL\", \"item_general_id\": \"44\"}]','Versión inicial (backfill automático)','sistema','2026-05-13 16:48:39'),(17,17,1,'PREPARACION ANTICORROSIVO ROJO',NULL,'[{\"cantidad\": \"274.00\", \"porcentaje\": null, \"item_codigo\": \"RAM014\", \"item_nombre\": \"RESINA MEDIA EN SOYA AL 50%\", \"item_general_id\": \"31\"}, {\"cantidad\": \"58.00\", \"porcentaje\": null, \"item_codigo\": \"PER030\", \"item_nombre\": \"OXIDO DE HIERRO ROJO R-5530\", \"item_general_id\": \"64\"}, {\"cantidad\": \"220.00\", \"porcentaje\": null, \"item_codigo\": \"CTA025\", \"item_nombre\": \"MICROTALC C 20\", \"item_general_id\": \"59\"}, {\"cantidad\": \"18.00\", \"porcentaje\": null, \"item_codigo\": \"CCC004\", \"item_nombre\": \"CARBONATO DE CALCIO HI WHITE\", \"item_general_id\": \"60\"}, {\"cantidad\": \"1.30\", \"porcentaje\": null, \"item_codigo\": \"AHU002\", \"item_nombre\": \"LECITINA DE SOYA\", \"item_general_id\": \"61\"}, {\"cantidad\": \"6.50\", \"porcentaje\": null, \"item_codigo\": \"AAS005\", \"item_nombre\": \"BENTOCLAY BP 184\", \"item_general_id\": \"39\"}, {\"cantidad\": \"4.00\", \"porcentaje\": null, \"item_codigo\": \"SAA022\", \"item_nombre\": \"ETANOL AL 96%\", \"item_general_id\": \"40\"}, {\"cantidad\": \"4.70\", \"porcentaje\": null, \"item_codigo\": \"AEM005\", \"item_nombre\": \"DISASTAB\", \"item_general_id\": \"41\"}, {\"cantidad\": \"155.60\", \"porcentaje\": null, \"item_codigo\": \"SIA040\", \"item_nombre\": \"AGUA\", \"item_general_id\": \"42\"}, {\"cantidad\": \"1.55\", \"porcentaje\": null, \"item_codigo\": \"AET004\", \"item_nombre\": \"SULFATO DE MAGNESIO\", \"item_general_id\": \"43\"}, {\"cantidad\": \"1.10\", \"porcentaje\": null, \"item_codigo\": \"AAN002\", \"item_nombre\": \"ADIMON 84\", \"item_general_id\": \"86\"}, {\"cantidad\": \"1.92\", \"porcentaje\": null, \"item_codigo\": \"SOC011\", \"item_nombre\": \"OCTOATO DE COBALTO AL 12%\", \"item_general_id\": \"33\"}, {\"cantidad\": \"3.00\", \"porcentaje\": null, \"item_codigo\": \"SOZ024\", \"item_nombre\": \"OCTOATO DE ZIRCONIO AL 24%\", \"item_general_id\": \"34\"}, {\"cantidad\": \"2.74\", \"porcentaje\": null, \"item_codigo\": \"SOC010\", \"item_nombre\": \"OCTOATO DE CALCIO AL 10%\", \"item_general_id\": \"35\"}, {\"cantidad\": \"142.60\", \"porcentaje\": null, \"item_codigo\": \"SAV010\", \"item_nombre\": \"VARSOL\", \"item_general_id\": \"44\"}]','Versión inicial (backfill automático)','sistema','2026-05-13 16:48:39'),(18,18,1,'PREPARACION ANTICORROSIVO BLANCO',NULL,'[{\"cantidad\": \"1056.00\", \"porcentaje\": null, \"item_codigo\": \"RAM014\", \"item_nombre\": \"RESINA MEDIA EN SOYA AL 50%\", \"item_general_id\": \"31\"}, {\"cantidad\": \"165.00\", \"porcentaje\": null, \"item_codigo\": \"PED007\", \"item_nombre\": \"DIOXIDO DE TITANIO SULFATO 2196\", \"item_general_id\": \"77\"}, {\"cantidad\": \"230.00\", \"porcentaje\": null, \"item_codigo\": \"CTA020\", \"item_nombre\": \"MICROTALC 20\", \"item_general_id\": \"65\"}, {\"cantidad\": \"688.00\", \"porcentaje\": null, \"item_codigo\": \"CCC004\", \"item_nombre\": \"CARBONATO DE CALCIO HI WHITE\", \"item_general_id\": \"60\"}, {\"cantidad\": \"5.00\", \"porcentaje\": null, \"item_codigo\": \"SOZ016\", \"item_nombre\": \"OCTOATO DE ZINC AL 16%\", \"item_general_id\": \"38\"}, {\"cantidad\": \"25.00\", \"porcentaje\": null, \"item_codigo\": \"AAS005\", \"item_nombre\": \"BENTOCLAY BP 184\", \"item_general_id\": \"39\"}, {\"cantidad\": \"5.00\", \"porcentaje\": null, \"item_codigo\": \"SAA022\", \"item_nombre\": \"ETANOL AL 96%\", \"item_general_id\": \"40\"}, {\"cantidad\": \"17.55\", \"porcentaje\": null, \"item_codigo\": \"AEM005\", \"item_nombre\": \"DISASTAB\", \"item_general_id\": \"41\"}, {\"cantidad\": \"585.26\", \"porcentaje\": null, \"item_codigo\": \"SIA040\", \"item_nombre\": \"AGUA\", \"item_general_id\": \"42\"}, {\"cantidad\": \"5.85\", \"porcentaje\": null, \"item_codigo\": \"AET004\", \"item_nombre\": \"SULFATO DE MAGNESIO\", \"item_general_id\": \"43\"}, {\"cantidad\": \"4.30\", \"porcentaje\": null, \"item_codigo\": \"AAN002\", \"item_nombre\": \"ADIMON 84\", \"item_general_id\": \"86\"}, {\"cantidad\": \"7.40\", \"porcentaje\": null, \"item_codigo\": \"SOC011\", \"item_nombre\": \"OCTOATO DE COBALTO AL 12%\", \"item_general_id\": \"33\"}, {\"cantidad\": \"11.60\", \"porcentaje\": null, \"item_codigo\": \"SOZ024\", \"item_nombre\": \"OCTOATO DE ZIRCONIO AL 24%\", \"item_general_id\": \"34\"}, {\"cantidad\": \"10.60\", \"porcentaje\": null, \"item_codigo\": \"SOC010\", \"item_nombre\": \"OCTOATO DE CALCIO AL 10%\", \"item_general_id\": \"35\"}, {\"cantidad\": \"550.00\", \"porcentaje\": null, \"item_codigo\": \"SAV010\", \"item_nombre\": \"VARSOL\", \"item_general_id\": \"44\"}]','Versión inicial (backfill automático)','sistema','2026-05-13 16:48:39'),(19,19,1,'PREPARACION ANTICORROSIVO VERDE',NULL,'[{\"cantidad\": \"256.00\", \"porcentaje\": null, \"item_codigo\": \"RAM014\", \"item_nombre\": \"RESINA MEDIA EN SOYA AL 50%\", \"item_general_id\": \"31\"}, {\"cantidad\": \"36.00\", \"porcentaje\": null, \"item_codigo\": \"PED007\", \"item_nombre\": \"DIOXIDO DE TITANIO SULFATO 2196\", \"item_general_id\": \"77\"}, {\"cantidad\": \"10.00\", \"porcentaje\": null, \"item_codigo\": \"PEA010\", \"item_nombre\": \"OXIDO DE HIERRO AMARILLO Y 4021\", \"item_general_id\": \"63\"}, {\"cantidad\": \"20.00\", \"porcentaje\": null, \"item_codigo\": \"PE1021\", \"item_nombre\": \"PASTA ESMALTE AZUL 15:3\", \"item_general_id\": \"96\"}, {\"cantidad\": \"3.00\", \"porcentaje\": null, \"item_codigo\": \"PAS022\", \"item_nombre\": \"PASTA ESMALTE NEGRO\", \"item_general_id\": \"22\"}, {\"cantidad\": \"2.30\", \"porcentaje\": null, \"item_codigo\": \"AHU002\", \"item_nombre\": \"LECITINA DE SOYA\", \"item_general_id\": \"61\"}, {\"cantidad\": \"46.00\", \"porcentaje\": null, \"item_codigo\": \"CCC004\", \"item_nombre\": \"CARBONATO DE CALCIO HI WHITE\", \"item_general_id\": \"60\"}, {\"cantidad\": \"132.00\", \"porcentaje\": null, \"item_codigo\": \"CTA025\", \"item_nombre\": \"MICROTALC C 20\", \"item_general_id\": \"59\"}, {\"cantidad\": \"4.00\", \"porcentaje\": null, \"item_codigo\": \"AAS005\", \"item_nombre\": \"BENTOCLAY BP 184\", \"item_general_id\": \"39\"}, {\"cantidad\": \"2.00\", \"porcentaje\": null, \"item_codigo\": \"SAA022\", \"item_nombre\": \"ETANOL AL 96%\", \"item_general_id\": \"40\"}, {\"cantidad\": \"3.90\", \"porcentaje\": null, \"item_codigo\": \"AEM005\", \"item_nombre\": \"DISASTAB\", \"item_general_id\": \"41\"}, {\"cantidad\": \"130.00\", \"porcentaje\": null, \"item_codigo\": \"SIA040\", \"item_nombre\": \"AGUA\", \"item_general_id\": \"42\"}, {\"cantidad\": \"1.30\", \"porcentaje\": null, \"item_codigo\": \"AET004\", \"item_nombre\": \"SULFATO DE MAGNESIO\", \"item_general_id\": \"43\"}, {\"cantidad\": \"1.10\", \"porcentaje\": null, \"item_codigo\": \"AAN002\", \"item_nombre\": \"ADIMON 84\", \"item_general_id\": \"86\"}, {\"cantidad\": \"2.00\", \"porcentaje\": null, \"item_codigo\": \"SOC011\", \"item_nombre\": \"OCTOATO DE COBALTO AL 12%\", \"item_general_id\": \"33\"}, {\"cantidad\": \"3.00\", \"porcentaje\": null, \"item_codigo\": \"SOZ024\", \"item_nombre\": \"OCTOATO DE ZIRCONIO AL 24%\", \"item_general_id\": \"34\"}, {\"cantidad\": \"2.80\", \"porcentaje\": null, \"item_codigo\": \"SOC010\", \"item_nombre\": \"OCTOATO DE CALCIO AL 10%\", \"item_general_id\": \"35\"}, {\"cantidad\": \"89.60\", \"porcentaje\": null, \"item_codigo\": \"SAV010\", \"item_nombre\": \"VARSOL\", \"item_general_id\": \"44\"}]','Versión inicial (backfill automático)','sistema','2026-05-13 16:48:39'),(20,20,1,'PREPARACION PASTA ESMALTE VERDE ENTONADOR',NULL,'[{\"cantidad\": \"186.00\", \"porcentaje\": null, \"item_codigo\": \"RAM014\", \"item_nombre\": \"RESINA MEDIA EN SOYA AL 50%\", \"item_general_id\": \"31\"}, {\"cantidad\": \"3.00\", \"porcentaje\": null, \"item_codigo\": \"AAN002\", \"item_nombre\": \"METIL ETIL CETOXIMA\", \"item_general_id\": \"32\"}, {\"cantidad\": \"3.00\", \"porcentaje\": null, \"item_codigo\": \"AAS005\", \"item_nombre\": \"BENTOCLAY BP 184\", \"item_general_id\": \"39\"}, {\"cantidad\": \"8.00\", \"porcentaje\": null, \"item_codigo\": \"ADI002\", \"item_nombre\": \"TROYSPERSE CD1\", \"item_general_id\": \"66\"}, {\"cantidad\": \"50.00\", \"porcentaje\": null, \"item_codigo\": \"PEV053\", \"item_nombre\": \"PIGMENTO VERDE FTALO 7\", \"item_general_id\": \"67\"}, {\"cantidad\": \"2.00\", \"porcentaje\": null, \"item_codigo\": \"SAA022\", \"item_nombre\": \"ETANOL AL 96%\", \"item_general_id\": \"40\"}, {\"cantidad\": \"76.00\", \"porcentaje\": null, \"item_codigo\": \"SAV010\", \"item_nombre\": \"VARSOL\", \"item_general_id\": \"44\"}]','Versión inicial (backfill automático)','sistema','2026-05-13 16:48:39'),(21,21,1,'PREPARACION PASTA ESMALTE AZUL ENTONADOR',NULL,'[{\"cantidad\": \"186.00\", \"porcentaje\": null, \"item_codigo\": \"RAM014\", \"item_nombre\": \"RESINA MEDIA EN SOYA AL 50%\", \"item_general_id\": \"31\"}, {\"cantidad\": \"3.00\", \"porcentaje\": null, \"item_codigo\": \"AAN002\", \"item_nombre\": \"METIL ETIL CETOXIMA\", \"item_general_id\": \"32\"}, {\"cantidad\": \"5.00\", \"porcentaje\": null, \"item_codigo\": \"AAS012\", \"item_nombre\": \"BENTOCLAY BP 184\", \"item_general_id\": \"79\"}, {\"cantidad\": \"3.00\", \"porcentaje\": null, \"item_codigo\": \"SAM023\", \"item_nombre\": \"METANOL\", \"item_general_id\": \"80\"}, {\"cantidad\": \"15.00\", \"porcentaje\": null, \"item_codigo\": \"AHU002\", \"item_nombre\": \"LECITINA DE SOYA\", \"item_general_id\": \"61\"}, {\"cantidad\": \"52.00\", \"porcentaje\": null, \"item_codigo\": \"PEA041\", \"item_nombre\": \"PIGMENTO AZUL FTALO 15;3\", \"item_general_id\": \"68\"}, {\"cantidad\": \"5.00\", \"porcentaje\": null, \"item_codigo\": \"ADI010\", \"item_nombre\": \"EDAPLAN 918\", \"item_general_id\": \"97\"}, {\"cantidad\": \"76.00\", \"porcentaje\": null, \"item_codigo\": \"SAV010\", \"item_nombre\": \"VARSOL\", \"item_general_id\": \"44\"}]','Versión inicial (backfill automático)','sistema','2026-05-13 16:48:39'),(22,22,1,'PREPARACION PASTA ESMALTE NEGRO',NULL,'[{\"cantidad\": \"242.00\", \"porcentaje\": null, \"item_codigo\": \"RAM014\", \"item_nombre\": \"RESINA MEDIA EN SOYA AL 50%\", \"item_general_id\": \"31\"}, {\"cantidad\": \"3.10\", \"porcentaje\": null, \"item_codigo\": \"AAN002\", \"item_nombre\": \"ADIMON 84\", \"item_general_id\": \"86\"}, {\"cantidad\": \"9.00\", \"porcentaje\": null, \"item_codigo\": \"ADI010\", \"item_nombre\": \"EDAPLAN 918\", \"item_general_id\": \"97\"}, {\"cantidad\": \"25.00\", \"porcentaje\": null, \"item_codigo\": \"AHU002\", \"item_nombre\": \"LECITINA DE SOYA\", \"item_general_id\": \"61\"}, {\"cantidad\": \"59.00\", \"porcentaje\": null, \"item_codigo\": \"PEN081\", \"item_nombre\": \"POW CARBON BLACK CHEMO\", \"item_general_id\": \"71\"}, {\"cantidad\": \"150.00\", \"porcentaje\": null, \"item_codigo\": \"SAA011\", \"item_nombre\": \"DISOLVENTE 2232 / VARSOL\", \"item_general_id\": \"83\"}]','Versión inicial (backfill automático)','sistema','2026-05-13 16:48:39'),(23,23,1,'PREPARACION PASTA ESMALTE ROJO CARMIN 57:1',NULL,'[{\"cantidad\": \"55.00\", \"porcentaje\": null, \"item_codigo\": \"RAM014\", \"item_nombre\": \"RESINA MEDIA EN SOYA AL 50%\", \"item_general_id\": \"31\"}, {\"cantidad\": \"0.80\", \"porcentaje\": null, \"item_codigo\": \"AAS005\", \"item_nombre\": \"BENTOCLAY BP 184\", \"item_general_id\": \"39\"}, {\"cantidad\": \"0.40\", \"porcentaje\": null, \"item_codigo\": \"SAM023\", \"item_nombre\": \"METANOL\", \"item_general_id\": \"80\"}, {\"cantidad\": \"0.25\", \"porcentaje\": null, \"item_codigo\": \"AAN002\", \"item_nombre\": \"ADIMON 84\", \"item_general_id\": \"86\"}, {\"cantidad\": \"2.80\", \"porcentaje\": null, \"item_codigo\": \"ADI011\", \"item_nombre\": \"CHEMOSPERSE 77\", \"item_general_id\": \"85\"}, {\"cantidad\": \"1.60\", \"porcentaje\": null, \"item_codigo\": \"AHU002\", \"item_nombre\": \"LECITINA DE SOYA\", \"item_general_id\": \"61\"}, {\"cantidad\": \"24.00\", \"porcentaje\": null, \"item_codigo\": \"PER031\", \"item_nombre\": \"PIGMENTO ROJO CARMIN 57:1\", \"item_general_id\": \"72\"}, {\"cantidad\": \"34.00\", \"porcentaje\": null, \"item_codigo\": \"SAV010\", \"item_nombre\": \"VARSOL\", \"item_general_id\": \"44\"}]','Versión inicial (backfill automático)','sistema','2026-05-13 16:48:39'),(24,24,1,'PREPARACION PASTA ESMALTE NARANJA',NULL,'[{\"cantidad\": \"332.00\", \"porcentaje\": null, \"item_codigo\": \"RAM014\", \"item_nombre\": \"RESINA MEDIA EN SOYA AL 50%\", \"item_general_id\": \"31\"}, {\"cantidad\": \"9.00\", \"porcentaje\": null, \"item_codigo\": \"AAS005\", \"item_nombre\": \"BENTOCLAY BP 184\", \"item_general_id\": \"39\"}, {\"cantidad\": \"5.00\", \"porcentaje\": null, \"item_codigo\": \"SAM023\", \"item_nombre\": \"METANOL\", \"item_general_id\": \"80\"}, {\"cantidad\": \"3.10\", \"porcentaje\": null, \"item_codigo\": \"AAN002\", \"item_nombre\": \"ADIMON 84\", \"item_general_id\": \"86\"}, {\"cantidad\": \"35.00\", \"porcentaje\": null, \"item_codigo\": \"ADI011\", \"item_nombre\": \"CHEMOSPERSE 77\", \"item_general_id\": \"85\"}, {\"cantidad\": \"18.90\", \"porcentaje\": null, \"item_codigo\": \"AHU002\", \"item_nombre\": \"LECITINA DE SOYA\", \"item_general_id\": \"61\"}, {\"cantidad\": \"408.00\", \"porcentaje\": null, \"item_codigo\": \"PEN023\", \"item_nombre\": \"PIGMENTO NARANJA MOLIBDENO\", \"item_general_id\": \"73\"}, {\"cantidad\": \"150.00\", \"porcentaje\": null, \"item_codigo\": \"SAV010\", \"item_nombre\": \"VARSOL\", \"item_general_id\": \"44\"}]','Versión inicial (backfill automático)','sistema','2026-05-13 16:48:39'),(25,25,1,'PREPARACION PASTA ESMALTE AMARILLO',NULL,'[{\"cantidad\": \"332.00\", \"porcentaje\": null, \"item_codigo\": \"RAM014\", \"item_nombre\": \"RESINA MEDIA EN SOYA AL 50%\", \"item_general_id\": \"31\"}, {\"cantidad\": \"9.00\", \"porcentaje\": null, \"item_codigo\": \"AAS005\", \"item_nombre\": \"BENTOCLAY BP 184\", \"item_general_id\": \"39\"}, {\"cantidad\": \"5.00\", \"porcentaje\": null, \"item_codigo\": \"SAM023\", \"item_nombre\": \"METANOL\", \"item_general_id\": \"80\"}, {\"cantidad\": \"3.10\", \"porcentaje\": null, \"item_codigo\": \"AAN002\", \"item_nombre\": \"ADIMON 84\", \"item_general_id\": \"86\"}, {\"cantidad\": \"18.90\", \"porcentaje\": null, \"item_codigo\": \"AHU002\", \"item_nombre\": \"LECITINA DE SOYA\", \"item_general_id\": \"61\"}, {\"cantidad\": \"465.00\", \"porcentaje\": null, \"item_codigo\": \"PEA011\", \"item_nombre\": \"PIGMENTO MARILLO DE CROMO AL 73\", \"item_general_id\": \"74\"}, {\"cantidad\": \"150.00\", \"porcentaje\": null, \"item_codigo\": \"SAV010\", \"item_nombre\": \"VARSOL\", \"item_general_id\": \"44\"}, {\"cantidad\": \"35.00\", \"porcentaje\": null, \"item_codigo\": \"ADI010\", \"item_nombre\": \"EDAPLAN 915\", \"item_general_id\": \"84\"}]','Versión inicial (backfill automático)','sistema','2026-05-13 16:48:39'),(26,26,1,'PREPARACION PASTA ESMALTE CAOBA',NULL,'[{\"cantidad\": \"295.00\", \"porcentaje\": null, \"item_codigo\": \"RAM014\", \"item_nombre\": \"RESINA MEDIA EN SOYA AL 50%\", \"item_general_id\": \"31\"}, {\"cantidad\": \"6.00\", \"porcentaje\": null, \"item_codigo\": \"AAS005\", \"item_nombre\": \"BENTOCLAY BP 184\", \"item_general_id\": \"39\"}, {\"cantidad\": \"3.00\", \"porcentaje\": null, \"item_codigo\": \"SAM023\", \"item_nombre\": \"METANOL\", \"item_general_id\": \"80\"}, {\"cantidad\": \"3.10\", \"porcentaje\": null, \"item_codigo\": \"AAN002\", \"item_nombre\": \"ADIMON 84\", \"item_general_id\": \"86\"}, {\"cantidad\": \"35.00\", \"porcentaje\": null, \"item_codigo\": \"ADI010\", \"item_nombre\": \"EDAPLAN 918\", \"item_general_id\": \"97\"}, {\"cantidad\": \"18.90\", \"porcentaje\": null, \"item_codigo\": \"AHU002\", \"item_nombre\": \"LECITINA DE SOYA\", \"item_general_id\": \"61\"}, {\"cantidad\": \"340.00\", \"porcentaje\": null, \"item_codigo\": \"PEC081\", \"item_nombre\": \"PIGMENTO OXIFERR CAOBA MARRON M 4781\", \"item_general_id\": \"75\"}, {\"cantidad\": \"173.00\", \"porcentaje\": null, \"item_codigo\": \"SAV010\", \"item_nombre\": \"VARSOL\", \"item_general_id\": \"44\"}]','Versión inicial (backfill automático)','sistema','2026-05-13 16:48:39'),(27,27,1,'PREPARACION PASTA ESMALTE AMARILLO OXIDO',NULL,'[{\"cantidad\": \"295.00\", \"porcentaje\": null, \"item_codigo\": \"RAM014\", \"item_nombre\": \"RESINA MEDIA EN SOYA AL 50%\", \"item_general_id\": \"31\"}, {\"cantidad\": \"6.00\", \"porcentaje\": null, \"item_codigo\": \"AAS005\", \"item_nombre\": \"BENTOCLAY BP 184\", \"item_general_id\": \"39\"}, {\"cantidad\": \"3.00\", \"porcentaje\": null, \"item_codigo\": \"SAM023\", \"item_nombre\": \"METANOL\", \"item_general_id\": \"80\"}, {\"cantidad\": \"3.10\", \"porcentaje\": null, \"item_codigo\": \"AAN002\", \"item_nombre\": \"ADIMON 84\", \"item_general_id\": \"86\"}, {\"cantidad\": \"18.90\", \"porcentaje\": null, \"item_codigo\": \"AHU002\", \"item_nombre\": \"LECITINA DE SOYA\", \"item_general_id\": \"61\"}, {\"cantidad\": \"340.00\", \"porcentaje\": null, \"item_codigo\": \"PEA013\", \"item_nombre\": \"PIGMENTO OXIFERR AMARILLO Y-4011\", \"item_general_id\": \"76\"}, {\"cantidad\": \"150.00\", \"porcentaje\": null, \"item_codigo\": \"SAA011\", \"item_nombre\": \"DISOLVENTE 2232 #3\", \"item_general_id\": \"36\"}, {\"cantidad\": \"35.00\", \"porcentaje\": null, \"item_codigo\": \"ADI010\", \"item_nombre\": \"EDAPLAN 915\", \"item_general_id\": \"84\"}]','Versión inicial (backfill automático)','sistema','2026-05-13 16:48:39'),(28,28,1,'PREPARACION PASTA ESMALTE ROJO OXIDO',NULL,'[{\"cantidad\": \"295.00\", \"porcentaje\": null, \"item_codigo\": \"RAM014\", \"item_nombre\": \"RESINA MEDIA EN SOYA AL 50%\", \"item_general_id\": \"31\"}, {\"cantidad\": \"6.00\", \"porcentaje\": null, \"item_codigo\": \"AAS005\", \"item_nombre\": \"BENTOCLAY BP 184\", \"item_general_id\": \"39\"}, {\"cantidad\": \"3.00\", \"porcentaje\": null, \"item_codigo\": \"SAM023\", \"item_nombre\": \"METANOL\", \"item_general_id\": \"80\"}, {\"cantidad\": \"3.10\", \"porcentaje\": null, \"item_codigo\": \"AAN002\", \"item_nombre\": \"ADIMON 84\", \"item_general_id\": \"86\"}, {\"cantidad\": \"17.00\", \"porcentaje\": null, \"item_codigo\": \"ADI010\", \"item_nombre\": \"EDAPLAN 918\", \"item_general_id\": \"97\"}, {\"cantidad\": \"18.90\", \"porcentaje\": null, \"item_codigo\": \"AHU002\", \"item_nombre\": \"LECITINA DE SOYA\", \"item_general_id\": \"61\"}, {\"cantidad\": \"340.00\", \"porcentaje\": null, \"item_codigo\": \"PER030\", \"item_nombre\": \"PIGMENTO OXIFERR ROJO R-5530\", \"item_general_id\": \"100\"}, {\"cantidad\": \"150.00\", \"porcentaje\": null, \"item_codigo\": \"SAA011\", \"item_nombre\": \"DISOLVENTE 2232 #3\", \"item_general_id\": \"36\"}]','Versión inicial (backfill automático)','sistema','2026-05-13 16:48:39'),(29,29,1,'PREPARACION PASTA ESMALTE BLANCO',NULL,'[{\"cantidad\": \"213.00\", \"porcentaje\": null, \"item_codigo\": \"RAM014\", \"item_nombre\": \"RESINA MEDIA EN SOYA AL 50%\", \"item_general_id\": \"31\"}, {\"cantidad\": \"22.00\", \"porcentaje\": null, \"item_codigo\": \"AAS005\", \"item_nombre\": \"BENTOCLAY BP 184\", \"item_general_id\": \"39\"}, {\"cantidad\": \"4.00\", \"porcentaje\": null, \"item_codigo\": \"ADI002\", \"item_nombre\": \"TROYSPERSE CD1\", \"item_general_id\": \"66\"}, {\"cantidad\": \"5.00\", \"porcentaje\": null, \"item_codigo\": \"SAA022\", \"item_nombre\": \"ETANOL AL 96%\", \"item_general_id\": \"40\"}, {\"cantidad\": \"441.00\", \"porcentaje\": null, \"item_codigo\": \"PED010\", \"item_nombre\": \"DIOXIDO DE TITANIO\", \"item_general_id\": \"37\"}, {\"cantidad\": \"63.00\", \"porcentaje\": null, \"item_codigo\": \"SAV010\", \"item_nombre\": \"VARSOL\", \"item_general_id\": \"44\"}]','Versión inicial (backfill automático)','sistema','2026-05-13 16:48:39'),(30,30,1,'PREPARACION PASTA ESMALTE TABACO',NULL,'[{\"cantidad\": \"1.00\", \"porcentaje\": null, \"item_codigo\": \"AAN002\", \"item_nombre\": \"ADIMON 84\", \"item_general_id\": \"86\"}, {\"cantidad\": \"185.00\", \"porcentaje\": null, \"item_codigo\": \"PET080\", \"item_nombre\": \"OXIFER TABACO R-4370\", \"item_general_id\": \"78\"}, {\"cantidad\": \"134.00\", \"porcentaje\": null, \"item_codigo\": \"RAM014\", \"item_nombre\": \"RESINA MEDIA EN SOYA AL 50%\", \"item_general_id\": \"31\"}, {\"cantidad\": \"6.00\", \"porcentaje\": null, \"item_codigo\": \"ADI002\", \"item_nombre\": \"TROYSPERSE CD1\", \"item_general_id\": \"66\"}, {\"cantidad\": \"8.00\", \"porcentaje\": null, \"item_codigo\": \"AAS005\", \"item_nombre\": \"BENTOCLAY BP 184\", \"item_general_id\": \"39\"}, {\"cantidad\": \"7.00\", \"porcentaje\": null, \"item_codigo\": \"AHU002\", \"item_nombre\": \"LECITINA DE SOYA\", \"item_general_id\": \"61\"}, {\"cantidad\": \"33.00\", \"porcentaje\": null, \"item_codigo\": \"SAV010\", \"item_nombre\": \"VARSOL\", \"item_general_id\": \"44\"}, {\"cantidad\": \"2.00\", \"porcentaje\": null, \"item_codigo\": \"SAA022\", \"item_nombre\": \"ETANOL AL 96%\", \"item_general_id\": \"40\"}]','Versión inicial (backfill automático)','sistema','2026-05-13 16:48:39');
/*!40000 ALTER TABLE `formulaciones_versiones` ENABLE KEYS */;
UNLOCK TABLES;
/*!40103 SET TIME_ZONE=@OLD_TIME_ZONE */;

/*!40101 SET SQL_MODE=@OLD_SQL_MODE */;
/*!40014 SET FOREIGN_KEY_CHECKS=@OLD_FOREIGN_KEY_CHECKS */;
/*!40014 SET UNIQUE_CHECKS=@OLD_UNIQUE_CHECKS */;
/*!40101 SET CHARACTER_SET_CLIENT=@OLD_CHARACTER_SET_CLIENT */;
/*!40101 SET CHARACTER_SET_RESULTS=@OLD_CHARACTER_SET_RESULTS */;
/*!40101 SET COLLATION_CONNECTION=@OLD_COLLATION_CONNECTION */;
/*!40111 SET SQL_NOTES=@OLD_SQL_NOTES */;

-- Dump completed on 2026-05-13 20:42:39
